country,village_id,wp_id,household_id,primary_wp_lat,primary_wp_lon
Malawi,2041805024,2041805024002,MA4329082MW2,-15.109557151794434,35.36590576171875
Malawi,2041805024,2041805024002,MA4329082MW2,-15.109598159790039,35.36587905883789
Malawi,2041805024,2041805024002,MA4329082MW2,-15.109602928161621,35.36578369140625
Malawi,2041805024,2041805024002,MA4329082MW2,-15.109710693359375,35.36579132080078
Malawi,2041805024,2041805024002,MA4329082MW2,-15.10966968536377,35.365787506103516
Malawi,2050902006,2101349269002,MAT2521910MW2,-15.399112701416016,35.0551872253418
Malawi,2050902006,2101349269002,MAT2521910MW2,-15.399170875549316,35.05519485473633
Malawi,2050902006,2101349269002,MAT2521910MW2,-15.399170875549316,35.05520248413086
Malawi,2050902006,2101349269002,MAT2521910MW2,-15.399181365966797,35.05521774291992
Malawi,2050902006,2101349269002,MAT2521910MW2,-15.399149894714355,35.055179595947266
Malawi,2011515073,2011515073004,BAF712289MW2,-15.042661666870117,35.17641830444336
Malawi,2050904017,2101349269002,MAQK45194MW2,-15.399112701416016,35.0551872253418
Malawi,2050904017,2101349269002,MAQK45194MW2,-15.399170875549316,35.05519485473633
Malawi,2050904017,2101349269002,MAQK45194MW2,-15.399170875549316,35.05520248413086
Malawi,2050904017,2101349269002,MAQK45194MW2,-15.399181365966797,35.05521774291992
Malawi,2050904017,2101349269002,MAQK45194MW2,-15.399149894714355,35.055179595947266
Malawi,2050902006,2101349269002,MA3N480110MW2,-15.399112701416016,35.0551872253418
Malawi,2050902006,2101349269002,MA3N480110MW2,-15.399170875549316,35.05519485473633
Malawi,2050902006,2101349269002,MA3N480110MW2,-15.399170875549316,35.05520248413086
Malawi,2050902006,2101349269002,MA3N480110MW2,-15.399181365966797,35.05521774291992
Malawi,2050902006,2101349269002,MA3N480110MW2,-15.399149894714355,35.055179595947266
Malawi,2050904017,2101349269002,MAUJ54101MW2,-15.399112701416016,35.0551872253418
Malawi,2050904017,2101349269002,MAUJ54101MW2,-15.399170875549316,35.05519485473633
Malawi,2050904017,2101349269002,MAUJ54101MW2,-15.399170875549316,35.05520248413086
Malawi,2050904017,2101349269002,MAUJ54101MW2,-15.399181365966797,35.05521774291992
Malawi,2050904017,2101349269002,MAUJ54101MW2,-15.399149894714355,35.055179595947266
Malawi,2070408030,2070408030001,NEGB143910MW2,-15.594499588012695,34.6987190246582
Malawi,2070408030,2070408030001,NEGB143910MW2,-15.594409942626953,34.6988639831543
Malawi,2070408030,2070408030001,NEGB143910MW2,-15.594507217407227,34.698760986328125
Malawi,2070408030,2070408030001,NEGB143910MW2,-15.594482421875,34.69866180419922
Malawi,2070408030,2070408030001,NEGB143910MW2,-15.594464302062988,34.698692321777344
Malawi,2041805024,2041805024002,MAF916374MW2,-15.109557151794434,35.36590576171875
Malawi,2041805024,2041805024002,MAF916374MW2,-15.109598159790039,35.36587905883789
Malawi,2041805024,2041805024002,MAF916374MW2,-15.109602928161621,35.36578369140625
Malawi,2041805024,2041805024002,MAF916374MW2,-15.109710693359375,35.36579132080078
Malawi,2041805024,2041805024002,MAF916374MW2,-15.10966968536377,35.365787506103516
Malawi,2050902006,2101349269002,MATM47506MW2,-15.399112701416016,35.0551872253418
Malawi,2050902006,2101349269002,MATM47506MW2,-15.399170875549316,35.05519485473633
Malawi,2050902006,2101349269002,MATM47506MW2,-15.399170875549316,35.05520248413086
Malawi,2050902006,2101349269002,MATM47506MW2,-15.399181365966797,35.05521774291992
Malawi,2050902006,2101349269002,MATM47506MW2,-15.399149894714355,35.055179595947266
Malawi,2011515073,2011515073004,BAST30504MW2,-15.042661666870117,35.17641830444336
Malawi,2050904017,2101349269002,MA6D17032MW2,-15.399112701416016,35.0551872253418
Malawi,2050904017,2101349269002,MA6D17032MW2,-15.399170875549316,35.05519485473633
Malawi,2050904017,2101349269002,MA6D17032MW2,-15.399170875549316,35.05520248413086
Malawi,2050904017,2101349269002,MA6D17032MW2,-15.399181365966797,35.05521774291992
Malawi,2050904017,2101349269002,MA6D17032MW2,-15.399149894714355,35.055179595947266
Malawi,2050902006,2101349269002,MA0403024MW2,-15.399112701416016,35.0551872253418
Malawi,2050902006,2101349269002,MA0403024MW2,-15.399170875549316,35.05519485473633
Malawi,2050902006,2101349269002,MA0403024MW2,-15.399170875549316,35.05520248413086
Malawi,2050902006,2101349269002,MA0403024MW2,-15.399181365966797,35.05521774291992
Malawi,2050902006,2101349269002,MA0403024MW2,-15.399149894714355,35.055179595947266
Malawi,2041805024,2041805024002,MA7H02157MW2,-15.109557151794434,35.36590576171875
Malawi,2041805024,2041805024002,MA7H02157MW2,-15.109598159790039,35.36587905883789
Malawi,2041805024,2041805024002,MA7H02157MW2,-15.109602928161621,35.36578369140625
Malawi,2041805024,2041805024002,MA7H02157MW2,-15.109710693359375,35.36579132080078
Malawi,2041805024,2041805024002,MA7H02157MW2,-15.10966968536377,35.365787506103516
Malawi,2011515073,2011515073004,BAFK44391MW2,-15.042661666870117,35.17641830444336
Malawi,2050902006,2101349269002,MAAN05375MW2,-15.399112701416016,35.0551872253418
Malawi,2050902006,2101349269002,MAAN05375MW2,-15.399170875549316,35.05519485473633
Malawi,2050902006,2101349269002,MAAN05375MW2,-15.399170875549316,35.05520248413086
Malawi,2050902006,2101349269002,MAAN05375MW2,-15.399181365966797,35.05521774291992
Malawi,2050902006,2101349269002,MAAN05375MW2,-15.399149894714355,35.055179595947266
Malawi,2011515073,2011515073004,BAN719546MW2,-15.042661666870117,35.17641830444336
Malawi,2041805024,2041805024002,MABO43426MW2,-15.109557151794434,35.36590576171875
Malawi,2041805024,2041805024002,MABO43426MW2,-15.109598159790039,35.36587905883789
Malawi,2041805024,2041805024002,MABO43426MW2,-15.109602928161621,35.36578369140625
Malawi,2041805024,2041805024002,MABO43426MW2,-15.109710693359375,35.36579132080078
Malawi,2041805024,2041805024002,MABO43426MW2,-15.10966968536377,35.365787506103516
Malawi,2060102007,2101338209002,MW3O25234MW2,-15.344612121582031,35.14558410644531
Malawi,2060102007,2101338209002,MW3O25234MW2,-15.344585418701172,35.1456413269043
Malawi,2060102007,2101338209002,MW3O25234MW2,-15.344581604003906,35.145668029785156
Malawi,2060102007,2101338209002,MW3O25234MW2,-15.344613075256348,35.145626068115234
Malawi,2060102007,2101338209002,MW3O25234MW2,-15.344635963439941,35.145721435546875
Malawi,2010503012,2101349269002,BAUI45373MW2,-15.399112701416016,35.0551872253418
Malawi,2010503012,2101349269002,BAUI45373MW2,-15.399170875549316,35.05519485473633
Malawi,2010503012,2101349269002,BAUI45373MW2,-15.399170875549316,35.05520248413086
Malawi,2010503012,2101349269002,BAUI45373MW2,-15.399181365966797,35.05521774291992
Malawi,2010503012,2101349269002,BAUI45373MW2,-15.399149894714355,35.055179595947266
Malawi,2050904017,2050902005003,MAPM19365MW2,-14.381275177001953,35.313350677490234
Malawi,2050904017,2050902005003,MAPM19365MW2,-14.381241798400879,35.31338119506836
Malawi,2050904017,2050902005003,MAPM19365MW2,-14.381300926208496,35.31336975097656
Malawi,2050902006,2101349269002,MAVS14276MW2,-15.399112701416016,35.0551872253418
Malawi,2050902006,2101349269002,MAVS14276MW2,-15.399170875549316,35.05519485473633
Malawi,2050902006,2101349269002,MAVS14276MW2,-15.399170875549316,35.05520248413086
Malawi,2050902006,2101349269002,MAVS14276MW2,-15.399181365966797,35.05521774291992
Malawi,2050902006,2101349269002,MAVS14276MW2,-15.399149894714355,35.055179595947266
Malawi,2050904017,2050902005003,MAW958215MW2,-14.381275177001953,35.313350677490234
Malawi,2050904017,2050902005003,MAW958215MW2,-14.381241798400879,35.31338119506836
Malawi,2050904017,2050902005003,MAW958215MW2,-14.381300926208496,35.31336975097656
Malawi,2050902006,2101349269002,MAXJ30347MW2,-15.399112701416016,35.0551872253418
Malawi,2050902006,2101349269002,MAXJ30347MW2,-15.399170875549316,35.05519485473633
Malawi,2050902006,2101349269002,MAXJ30347MW2,-15.399170875549316,35.05520248413086
Malawi,2050902006,2101349269002,MAXJ30347MW2,-15.399181365966797,35.05521774291992
Malawi,2050902006,2101349269002,MAXJ30347MW2,-15.399149894714355,35.055179595947266
Malawi,2010503012,2101349269002,BA9625005MW2,-15.399112701416016,35.0551872253418
Malawi,2010503012,2101349269002,BA9625005MW2,-15.399170875549316,35.05519485473633
Malawi,2010503012,2101349269002,BA9625005MW2,-15.399170875549316,35.05520248413086
Malawi,2010503012,2101349269002,BA9625005MW2,-15.399181365966797,35.05521774291992
Malawi,2010503012,2101349269002,BA9625005MW2,-15.399149894714355,35.055179595947266
Malawi,2050904017,2101349269002,MACF23008MW2,-15.399112701416016,35.0551872253418
Malawi,2050904017,2101349269002,MACF23008MW2,-15.399170875549316,35.05519485473633
Malawi,2050904017,2101349269002,MACF23008MW2,-15.399170875549316,35.05520248413086
Malawi,2050904017,2101349269002,MACF23008MW2,-15.399181365966797,35.05521774291992
Malawi,2050904017,2101349269002,MACF23008MW2,-15.399149894714355,35.055179595947266
Malawi,2050902006,2101349269002,MAR520093MW2,-15.399112701416016,35.0551872253418
Malawi,2050902006,2101349269002,MAR520093MW2,-15.399170875549316,35.05519485473633
Malawi,2050902006,2101349269002,MAR520093MW2,-15.399170875549316,35.05520248413086
Malawi,2050902006,2101349269002,MAR520093MW2,-15.399181365966797,35.05521774291992
Malawi,2050902006,2101349269002,MAR520093MW2,-15.399149894714355,35.055179595947266
Malawi,2010503012,2101349269002,BAN343369MW2,-15.399112701416016,35.0551872253418
Malawi,2010503012,2101349269002,BAN343369MW2,-15.399170875549316,35.05519485473633
Malawi,2010503012,2101349269002,BAN343369MW2,-15.399170875549316,35.05520248413086
Malawi,2010503012,2101349269002,BAN343369MW2,-15.399181365966797,35.05521774291992
Malawi,2010503012,2101349269002,BAN343369MW2,-15.399149894714355,35.055179595947266
Malawi,2050902006,2101349269002,MAKX50422MW2,-15.399112701416016,35.0551872253418
Malawi,2050902006,2101349269002,MAKX50422MW2,-15.399170875549316,35.05519485473633
Malawi,2050902006,2101349269002,MAKX50422MW2,-15.399170875549316,35.05520248413086
Malawi,2050902006,2101349269002,MAKX50422MW2,-15.399181365966797,35.05521774291992
Malawi,2050902006,2101349269002,MAKX50422MW2,-15.399149894714355,35.055179595947266
Malawi,2041805024,2041805024002,MACF29351MW2,-15.109557151794434,35.36590576171875
Malawi,2041805024,2041805024002,MACF29351MW2,-15.109598159790039,35.36587905883789
Malawi,2041805024,2041805024002,MACF29351MW2,-15.109602928161621,35.36578369140625
Malawi,2041805024,2041805024002,MACF29351MW2,-15.109710693359375,35.36579132080078
Malawi,2041805024,2041805024002,MACF29351MW2,-15.10966968536377,35.365787506103516
Malawi,2041805024,2041805024002,MAT940293MW2,-15.109557151794434,35.36590576171875
Malawi,2041805024,2041805024002,MAT940293MW2,-15.109598159790039,35.36587905883789
Malawi,2041805024,2041805024002,MAT940293MW2,-15.109602928161621,35.36578369140625
Malawi,2041805024,2041805024002,MAT940293MW2,-15.109710693359375,35.36579132080078
Malawi,2041805024,2041805024002,MAT940293MW2,-15.10966968536377,35.365787506103516
Malawi,2041805024,2041805024002,MA4W01598MW2,-15.109557151794434,35.36590576171875
Malawi,2041805024,2041805024002,MA4W01598MW2,-15.109598159790039,35.36587905883789
Malawi,2041805024,2041805024002,MA4W01598MW2,-15.109602928161621,35.36578369140625
Malawi,2041805024,2041805024002,MA4W01598MW2,-15.109710693359375,35.36579132080078
Malawi,2041805024,2041805024002,MA4W01598MW2,-15.10966968536377,35.365787506103516
Malawi,2060102007,2101338209002,MWV340062MW2,-15.344612121582031,35.14558410644531
Malawi,2060102007,2101338209002,MWV340062MW2,-15.344585418701172,35.1456413269043
Malawi,2060102007,2101338209002,MWV340062MW2,-15.344581604003906,35.145668029785156
Malawi,2060102007,2101338209002,MWV340062MW2,-15.344613075256348,35.145626068115234
Malawi,2060102007,2101338209002,MWV340062MW2,-15.344635963439941,35.145721435546875
Malawi,2041805024,2041805024002,MARS31375MW2,-15.109557151794434,35.36590576171875
Malawi,2041805024,2041805024002,MARS31375MW2,-15.109598159790039,35.36587905883789
Malawi,2041805024,2041805024002,MARS31375MW2,-15.109602928161621,35.36578369140625
Malawi,2041805024,2041805024002,MARS31375MW2,-15.109710693359375,35.36579132080078
Malawi,2041805024,2041805024002,MARS31375MW2,-15.10966968536377,35.365787506103516
Malawi,2041805024,2041805024002,MAT219366MW2,-15.109557151794434,35.36590576171875
Malawi,2041805024,2041805024002,MAT219366MW2,-15.109598159790039,35.36587905883789
Malawi,2041805024,2041805024002,MAT219366MW2,-15.109602928161621,35.36578369140625
Malawi,2041805024,2041805024002,MAT219366MW2,-15.109710693359375,35.36579132080078
Malawi,2041805024,2041805024002,MAT219366MW2,-15.10966968536377,35.365787506103516
Malawi,2070408030,2070408030001,NEOX15229MW2,-15.594499588012695,34.6987190246582
Malawi,2070408030,2070408030001,NEOX15229MW2,-15.594409942626953,34.6988639831543
Malawi,2070408030,2070408030001,NEOX15229MW2,-15.594507217407227,34.698760986328125
Malawi,2070408030,2070408030001,NEOX15229MW2,-15.594482421875,34.69866180419922
Malawi,2070408030,2070408030001,NEOX15229MW2,-15.594464302062988,34.698692321777344
Malawi,2060102007,2101338209002,MW6F16143MW2,-15.344612121582031,35.14558410644531
Malawi,2060102007,2101338209002,MW6F16143MW2,-15.344585418701172,35.1456413269043
Malawi,2060102007,2101338209002,MW6F16143MW2,-15.344581604003906,35.145668029785156
Malawi,2060102007,2101338209002,MW6F16143MW2,-15.344613075256348,35.145626068115234
Malawi,2060102007,2101338209002,MW6F16143MW2,-15.344635963439941,35.145721435546875
Malawi,2050904017,2101349269002,MAQZ35138MW2,-15.399112701416016,35.0551872253418
Malawi,2050904017,2101349269002,MAQZ35138MW2,-15.399170875549316,35.05519485473633
Malawi,2050904017,2101349269002,MAQZ35138MW2,-15.399170875549316,35.05520248413086
Malawi,2050904017,2101349269002,MAQZ35138MW2,-15.399181365966797,35.05521774291992
Malawi,2050904017,2101349269002,MAQZ35138MW2,-15.399149894714355,35.055179595947266
Malawi,2050904017,2101349269002,MA7U54539MW2,-15.399112701416016,35.0551872253418
Malawi,2050904017,2101349269002,MA7U54539MW2,-15.399170875549316,35.05519485473633
Malawi,2050904017,2101349269002,MA7U54539MW2,-15.399170875549316,35.05520248413086
Malawi,2050904017,2101349269002,MA7U54539MW2,-15.399181365966797,35.05521774291992
Malawi,2050904017,2101349269002,MA7U54539MW2,-15.399149894714355,35.055179595947266
Malawi,2050904017,2101349269002,MAU551324MW2,-15.399112701416016,35.0551872253418
Malawi,2050904017,2101349269002,MAU551324MW2,-15.399170875549316,35.05519485473633
Malawi,2050904017,2101349269002,MAU551324MW2,-15.399170875549316,35.05520248413086
Malawi,2050904017,2101349269002,MAU551324MW2,-15.399181365966797,35.05521774291992
Malawi,2050904017,2101349269002,MAU551324MW2,-15.399149894714355,35.055179595947266
Malawi,2041805024,2041805024002,MA8717425MW2,-15.109557151794434,35.36590576171875
Malawi,2041805024,2041805024002,MA8717425MW2,-15.109598159790039,35.36587905883789
Malawi,2041805024,2041805024002,MA8717425MW2,-15.109602928161621,35.36578369140625
Malawi,2041805024,2041805024002,MA8717425MW2,-15.109710693359375,35.36579132080078
Malawi,2041805024,2041805024002,MA8717425MW2,-15.10966968536377,35.365787506103516
Malawi,2010503012,2101349269002,BAYI06179MW2,-15.399112701416016,35.0551872253418
Malawi,2010503012,2101349269002,BAYI06179MW2,-15.399170875549316,35.05519485473633
Malawi,2010503012,2101349269002,BAYI06179MW2,-15.399170875549316,35.05520248413086
Malawi,2010503012,2101349269002,BAYI06179MW2,-15.399181365966797,35.05521774291992
Malawi,2010503012,2101349269002,BAYI06179MW2,-15.399149894714355,35.055179595947266
Malawi,2011515073,2011515073004,BA8Y35103MW2,-15.042661666870117,35.17641830444336
Malawi,2041805024,2041805024002,MAHT04233MW2,-15.109557151794434,35.36590576171875
Malawi,2041805024,2041805024002,MAHT04233MW2,-15.109598159790039,35.36587905883789
Malawi,2041805024,2041805024002,MAHT04233MW2,-15.109602928161621,35.36578369140625
Malawi,2041805024,2041805024002,MAHT04233MW2,-15.109710693359375,35.36579132080078
Malawi,2041805024,2041805024002,MAHT04233MW2,-15.10966968536377,35.365787506103516
Malawi,2011515073,2011515073004,BAVD00577MW2,-15.042661666870117,35.17641830444336
Malawi,2011515073,2011515073004,BA1E40257MW2,-15.042661666870117,35.17641830444336
Malawi,2041805024,2041805024002,MAC123007MW2,-15.109557151794434,35.36590576171875
Malawi,2041805024,2041805024002,MAC123007MW2,-15.109598159790039,35.36587905883789
Malawi,2041805024,2041805024002,MAC123007MW2,-15.109602928161621,35.36578369140625
Malawi,2041805024,2041805024002,MAC123007MW2,-15.109710693359375,35.36579132080078
Malawi,2041805024,2041805024002,MAC123007MW2,-15.10966968536377,35.365787506103516
Malawi,2050904017,2101349269002,MAF553087MW2,-15.399112701416016,35.0551872253418
Malawi,2050904017,2101349269002,MAF553087MW2,-15.399170875549316,35.05519485473633
Malawi,2050904017,2101349269002,MAF553087MW2,-15.399170875549316,35.05520248413086
Malawi,2050904017,2101349269002,MAF553087MW2,-15.399181365966797,35.05521774291992
Malawi,2050904017,2101349269002,MAF553087MW2,-15.399149894714355,35.055179595947266
Malawi,2041805024,2041805024002,MA0S16158MW2,-15.109557151794434,35.36590576171875
Malawi,2041805024,2041805024002,MA0S16158MW2,-15.109598159790039,35.36587905883789
Malawi,2041805024,2041805024002,MA0S16158MW2,-15.109602928161621,35.36578369140625
Malawi,2041805024,2041805024002,MA0S16158MW2,-15.109710693359375,35.36579132080078
Malawi,2041805024,2041805024002,MA0S16158MW2,-15.10966968536377,35.365787506103516
Malawi,2060102007,2101338209002,MWDH04488MW2,-15.344612121582031,35.14558410644531
Malawi,2060102007,2101338209002,MWDH04488MW2,-15.344585418701172,35.1456413269043
Malawi,2060102007,2101338209002,MWDH04488MW2,-15.344581604003906,35.145668029785156
Malawi,2060102007,2101338209002,MWDH04488MW2,-15.344613075256348,35.145626068115234
Malawi,2060102007,2101338209002,MWDH04488MW2,-15.344635963439941,35.145721435546875
Malawi,2060102007,2101338209002,MWC911117MW2,-15.344612121582031,35.14558410644531
Malawi,2060102007,2101338209002,MWC911117MW2,-15.344585418701172,35.1456413269043
Malawi,2060102007,2101338209002,MWC911117MW2,-15.344581604003906,35.145668029785156
Malawi,2060102007,2101338209002,MWC911117MW2,-15.344613075256348,35.145626068115234
Malawi,2060102007,2101338209002,MWC911117MW2,-15.344635963439941,35.145721435546875
Malawi,2041805024,2041805024002,MAW853113MW2,-15.109557151794434,35.36590576171875
Malawi,2041805024,2041805024002,MAW853113MW2,-15.109598159790039,35.36587905883789
Malawi,2041805024,2041805024002,MAW853113MW2,-15.109602928161621,35.36578369140625
Malawi,2041805024,2041805024002,MAW853113MW2,-15.109710693359375,35.36579132080078
Malawi,2041805024,2041805024002,MAW853113MW2,-15.10966968536377,35.365787506103516
Malawi,2060102007,2101338209002,MWIS381410MW2,-15.344612121582031,35.14558410644531
Malawi,2060102007,2101338209002,MWIS381410MW2,-15.344585418701172,35.1456413269043
Malawi,2060102007,2101338209002,MWIS381410MW2,-15.344581604003906,35.145668029785156
Malawi,2060102007,2101338209002,MWIS381410MW2,-15.344613075256348,35.145626068115234
Malawi,2060102007,2101338209002,MWIS381410MW2,-15.344635963439941,35.145721435546875
Malawi,2011515073,2011515073004,BA9R19448MW2,-15.042661666870117,35.17641830444336
Malawi,2060102007,2101338209002,MWAN01002MW2,-15.344612121582031,35.14558410644531
Malawi,2060102007,2101338209002,MWAN01002MW2,-15.344585418701172,35.1456413269043
Malawi,2060102007,2101338209002,MWAN01002MW2,-15.344581604003906,35.145668029785156
Malawi,2060102007,2101338209002,MWAN01002MW2,-15.344613075256348,35.145626068115234
Malawi,2060102007,2101338209002,MWAN01002MW2,-15.344635963439941,35.145721435546875
Malawi,2041805024,2041805024002,MA3412055MW2,-15.109557151794434,35.36590576171875
Malawi,2041805024,2041805024002,MA3412055MW2,-15.109598159790039,35.36587905883789
Malawi,2041805024,2041805024002,MA3412055MW2,-15.109602928161621,35.36578369140625
Malawi,2041805024,2041805024002,MA3412055MW2,-15.109710693359375,35.36579132080078
Malawi,2041805024,2041805024002,MA3412055MW2,-15.10966968536377,35.365787506103516
Malawi,2041805024,2041805024002,MA7Z56368MW2,-15.109557151794434,35.36590576171875
Malawi,2041805024,2041805024002,MA7Z56368MW2,-15.109598159790039,35.36587905883789
Malawi,2041805024,2041805024002,MA7Z56368MW2,-15.109602928161621,35.36578369140625
Malawi,2041805024,2041805024002,MA7Z56368MW2,-15.109710693359375,35.36579132080078
Malawi,2041805024,2041805024002,MA7Z56368MW2,-15.10966968536377,35.365787506103516
Malawi,2060102007,2101338209002,MWO105543MW2,-15.344612121582031,35.14558410644531
Malawi,2060102007,2101338209002,MWO105543MW2,-15.344585418701172,35.1456413269043
Malawi,2060102007,2101338209002,MWO105543MW2,-15.344581604003906,35.145668029785156
Malawi,2060102007,2101338209002,MWO105543MW2,-15.344613075256348,35.145626068115234
Malawi,2060102007,2101338209002,MWO105543MW2,-15.344635963439941,35.145721435546875
Malawi,2041805024,2041805024002,MA5R35378MW2,-15.109557151794434,35.36590576171875
Malawi,2041805024,2041805024002,MA5R35378MW2,-15.109598159790039,35.36587905883789
Malawi,2041805024,2041805024002,MA5R35378MW2,-15.109602928161621,35.36578369140625
Malawi,2041805024,2041805024002,MA5R35378MW2,-15.109710693359375,35.36579132080078
Malawi,2041805024,2041805024002,MA5R35378MW2,-15.10966968536377,35.365787506103516
Malawi,2011515073,2011515073004,BAOB28388MW2,-15.042661666870117,35.17641830444336
Malawi,2041805024,2041805024002,MAJL32348MW2,-15.109557151794434,35.36590576171875
Malawi,2041805024,2041805024002,MAJL32348MW2,-15.109598159790039,35.36587905883789
Malawi,2041805024,2041805024002,MAJL32348MW2,-15.109602928161621,35.36578369140625
Malawi,2041805024,2041805024002,MAJL32348MW2,-15.109710693359375,35.36579132080078
Malawi,2041805024,2041805024002,MAJL32348MW2,-15.10966968536377,35.365787506103516
Malawi,2020207054,2020207054001,BLV421383MW2,-15.802375793457031,35.034732818603516
Malawi,2041805024,2041805024002,MA8719314MW2,-15.109557151794434,35.36590576171875
Malawi,2041805024,2041805024002,MA8719314MW2,-15.109598159790039,35.36587905883789
Malawi,2041805024,2041805024002,MA8719314MW2,-15.109602928161621,35.36578369140625
Malawi,2041805024,2041805024002,MA8719314MW2,-15.109710693359375,35.36579132080078
Malawi,2041805024,2041805024002,MA8719314MW2,-15.10966968536377,35.365787506103516
Malawi,2010503012,2101349269002,BASS01389MW2,-15.399112701416016,35.0551872253418
Malawi,2010503012,2101349269002,BASS01389MW2,-15.399170875549316,35.05519485473633
Malawi,2010503012,2101349269002,BASS01389MW2,-15.399170875549316,35.05520248413086
Malawi,2010503012,2101349269002,BASS01389MW2,-15.399181365966797,35.05521774291992
Malawi,2010503012,2101349269002,BASS01389MW2,-15.399149894714355,35.055179595947266
Malawi,2011515073,2011515073004,BACL12214MW2,-15.042661666870117,35.17641830444336
Malawi,2060102007,2101338209002,MWK645579MW2,-15.344612121582031,35.14558410644531
Malawi,2060102007,2101338209002,MWK645579MW2,-15.344585418701172,35.1456413269043
Malawi,2060102007,2101338209002,MWK645579MW2,-15.344581604003906,35.145668029785156
Malawi,2060102007,2101338209002,MWK645579MW2,-15.344613075256348,35.145626068115234
Malawi,2060102007,2101338209002,MWK645579MW2,-15.344635963439941,35.145721435546875
Malawi,2060102007,2101338209002,MWGO55047MW2,-15.344612121582031,35.14558410644531
Malawi,2060102007,2101338209002,MWGO55047MW2,-15.344585418701172,35.1456413269043
Malawi,2060102007,2101338209002,MWGO55047MW2,-15.344581604003906,35.145668029785156
Malawi,2060102007,2101338209002,MWGO55047MW2,-15.344613075256348,35.145626068115234
Malawi,2060102007,2101338209002,MWGO55047MW2,-15.344635963439941,35.145721435546875
Malawi,2010503012,2101349269002,BA9X27261MW2,-15.399112701416016,35.0551872253418
Malawi,2010503012,2101349269002,BA9X27261MW2,-15.399170875549316,35.05519485473633
Malawi,2010503012,2101349269002,BA9X27261MW2,-15.399170875549316,35.05520248413086
Malawi,2010503012,2101349269002,BA9X27261MW2,-15.399181365966797,35.05521774291992
Malawi,2010503012,2101349269002,BA9X27261MW2,-15.399149894714355,35.055179595947266
Malawi,2011515073,2011515073004,BA4W22549MW2,-15.042661666870117,35.17641830444336
Malawi,2010503012,2101349269002,BAZG38074MW2,-15.399112701416016,35.0551872253418
Malawi,2010503012,2101349269002,BAZG38074MW2,-15.399170875549316,35.05519485473633
Malawi,2010503012,2101349269002,BAZG38074MW2,-15.399170875549316,35.05520248413086
Malawi,2010503012,2101349269002,BAZG38074MW2,-15.399181365966797,35.05521774291992
Malawi,2010503012,2101349269002,BAZG38074MW2,-15.399149894714355,35.055179595947266
Malawi,2041805024,2041805024002,MAZB21114MW2,-15.109557151794434,35.36590576171875
Malawi,2041805024,2041805024002,MAZB21114MW2,-15.109598159790039,35.36587905883789
Malawi,2041805024,2041805024002,MAZB21114MW2,-15.109602928161621,35.36578369140625
Malawi,2041805024,2041805024002,MAZB21114MW2,-15.109710693359375,35.36579132080078
Malawi,2041805024,2041805024002,MAZB21114MW2,-15.10966968536377,35.365787506103516
Malawi,2060102007,2101338209002,MWAW38512MW2,-15.344612121582031,35.14558410644531
Malawi,2060102007,2101338209002,MWAW38512MW2,-15.344585418701172,35.1456413269043
Malawi,2060102007,2101338209002,MWAW38512MW2,-15.344581604003906,35.145668029785156
Malawi,2060102007,2101338209002,MWAW38512MW2,-15.344613075256348,35.145626068115234
Malawi,2060102007,2101338209002,MWAW38512MW2,-15.344635963439941,35.145721435546875
Malawi,2060102007,2101338209002,MWDM56298MW2,-15.344612121582031,35.14558410644531
Malawi,2060102007,2101338209002,MWDM56298MW2,-15.344585418701172,35.1456413269043
Malawi,2060102007,2101338209002,MWDM56298MW2,-15.344581604003906,35.145668029785156
Malawi,2060102007,2101338209002,MWDM56298MW2,-15.344613075256348,35.145626068115234
Malawi,2060102007,2101338209002,MWDM56298MW2,-15.344635963439941,35.145721435546875
Malawi,2041805024,2041805024002,MA4Y54323MW2,-15.109557151794434,35.36590576171875
Malawi,2041805024,2041805024002,MA4Y54323MW2,-15.109598159790039,35.36587905883789
Malawi,2041805024,2041805024002,MA4Y54323MW2,-15.109602928161621,35.36578369140625
Malawi,2041805024,2041805024002,MA4Y54323MW2,-15.109710693359375,35.36579132080078
Malawi,2041805024,2041805024002,MA4Y54323MW2,-15.10966968536377,35.365787506103516
Malawi,2041805024,2041805024002,MALQ03191MW2,-15.109557151794434,35.36590576171875
Malawi,2041805024,2041805024002,MALQ03191MW2,-15.109598159790039,35.36587905883789
Malawi,2041805024,2041805024002,MALQ03191MW2,-15.109602928161621,35.36578369140625
Malawi,2041805024,2041805024002,MALQ03191MW2,-15.109710693359375,35.36579132080078
Malawi,2041805024,2041805024002,MALQ03191MW2,-15.10966968536377,35.365787506103516
Malawi,2050904017,2101349269002,MASU43211MW2,-15.399112701416016,35.0551872253418
Malawi,2050904017,2101349269002,MASU43211MW2,-15.399170875549316,35.05519485473633
Malawi,2050904017,2101349269002,MASU43211MW2,-15.399170875549316,35.05520248413086
Malawi,2050904017,2101349269002,MASU43211MW2,-15.399181365966797,35.05521774291992
Malawi,2050904017,2101349269002,MASU43211MW2,-15.399149894714355,35.055179595947266
Malawi,2010503012,2101349269002,BAP504228MW2,-15.399112701416016,35.0551872253418
Malawi,2010503012,2101349269002,BAP504228MW2,-15.399170875549316,35.05519485473633
Malawi,2010503012,2101349269002,BAP504228MW2,-15.399170875549316,35.05520248413086
Malawi,2010503012,2101349269002,BAP504228MW2,-15.399181365966797,35.05521774291992
Malawi,2010503012,2101349269002,BAP504228MW2,-15.399149894714355,35.055179595947266
Malawi,2041805024,2041805024002,MAKS39324MW2,-15.109557151794434,35.36590576171875
Malawi,2041805024,2041805024002,MAKS39324MW2,-15.109598159790039,35.36587905883789
Malawi,2041805024,2041805024002,MAKS39324MW2,-15.109602928161621,35.36578369140625
Malawi,2041805024,2041805024002,MAKS39324MW2,-15.109710693359375,35.36579132080078
Malawi,2041805024,2041805024002,MAKS39324MW2,-15.10966968536377,35.365787506103516
Malawi,2060102007,2101338209002,MWK548025MW2,-15.344612121582031,35.14558410644531
Malawi,2060102007,2101338209002,MWK548025MW2,-15.344585418701172,35.1456413269043
Malawi,2060102007,2101338209002,MWK548025MW2,-15.344581604003906,35.145668029785156
Malawi,2060102007,2101338209002,MWK548025MW2,-15.344613075256348,35.145626068115234
Malawi,2060102007,2101338209002,MWK548025MW2,-15.344635963439941,35.145721435546875
Malawi,2060102007,2101338209002,MWQT11367MW2,-15.344612121582031,35.14558410644531
Malawi,2060102007,2101338209002,MWQT11367MW2,-15.344585418701172,35.1456413269043
Malawi,2060102007,2101338209002,MWQT11367MW2,-15.344581604003906,35.145668029785156
Malawi,2060102007,2101338209002,MWQT11367MW2,-15.344613075256348,35.145626068115234
Malawi,2060102007,2101338209002,MWQT11367MW2,-15.344635963439941,35.145721435546875
Malawi,2050904017,2101349269002,MAQE56327MW2,-15.399112701416016,35.0551872253418
Malawi,2050904017,2101349269002,MAQE56327MW2,-15.399170875549316,35.05519485473633
Malawi,2050904017,2101349269002,MAQE56327MW2,-15.399170875549316,35.05520248413086
Malawi,2050904017,2101349269002,MAQE56327MW2,-15.399181365966797,35.05521774291992
Malawi,2050904017,2101349269002,MAQE56327MW2,-15.399149894714355,35.055179595947266
Malawi,2050902006,2101349269002,MAP425556MW2,-15.399112701416016,35.0551872253418
Malawi,2050902006,2101349269002,MAP425556MW2,-15.399170875549316,35.05519485473633
Malawi,2050902006,2101349269002,MAP425556MW2,-15.399170875549316,35.05520248413086
Malawi,2050902006,2101349269002,MAP425556MW2,-15.399181365966797,35.05521774291992
Malawi,2050902006,2101349269002,MAP425556MW2,-15.399149894714355,35.055179595947266
Malawi,2010503012,2101349269002,BAB501454MW2,-15.399112701416016,35.0551872253418
Malawi,2010503012,2101349269002,BAB501454MW2,-15.399170875549316,35.05519485473633
Malawi,2010503012,2101349269002,BAB501454MW2,-15.399170875549316,35.05520248413086
Malawi,2010503012,2101349269002,BAB501454MW2,-15.399181365966797,35.05521774291992
Malawi,2010503012,2101349269002,BAB501454MW2,-15.399149894714355,35.055179595947266
Malawi,2050904017,2050902005003,MAUU481610MW2,-14.381275177001953,35.313350677490234
Malawi,2050904017,2050902005003,MAUU481610MW2,-14.381241798400879,35.31338119506836
Malawi,2050904017,2050902005003,MAUU481610MW2,-14.381300926208496,35.31336975097656
Malawi,2050904017,2101349269002,MA3O16418MW2,-15.399112701416016,35.0551872253418
Malawi,2050904017,2101349269002,MA3O16418MW2,-15.399170875549316,35.05519485473633
Malawi,2050904017,2101349269002,MA3O16418MW2,-15.399170875549316,35.05520248413086
Malawi,2050904017,2101349269002,MA3O16418MW2,-15.399181365966797,35.05521774291992
Malawi,2050904017,2101349269002,MA3O16418MW2,-15.399149894714355,35.055179595947266
Malawi,2010503012,2101349269002,BAK147499MW2,-15.399112701416016,35.0551872253418
Malawi,2010503012,2101349269002,BAK147499MW2,-15.399170875549316,35.05519485473633
Malawi,2010503012,2101349269002,BAK147499MW2,-15.399170875549316,35.05520248413086
Malawi,2010503012,2101349269002,BAK147499MW2,-15.399181365966797,35.05521774291992
Malawi,2010503012,2101349269002,BAK147499MW2,-15.399149894714355,35.055179595947266
Malawi,2050904017,2050902005003,MASD04168MW2,-14.381275177001953,35.313350677490234
Malawi,2050904017,2050902005003,MASD04168MW2,-14.381241798400879,35.31338119506836
Malawi,2050904017,2050902005003,MASD04168MW2,-14.381300926208496,35.31336975097656
Malawi,2011515073,2011515073004,BAWS10078MW2,-15.042661666870117,35.17641830444336
Malawi,2070301001,2070301001001,NE6358021MW2,-15.382153511047363,34.571533203125
Malawi,2041805024,2041805024002,MA8Y50281MW2,-15.109557151794434,35.36590576171875
Malawi,2041805024,2041805024002,MA8Y50281MW2,-15.109598159790039,35.36587905883789
Malawi,2041805024,2041805024002,MA8Y50281MW2,-15.109602928161621,35.36578369140625
Malawi,2041805024,2041805024002,MA8Y50281MW2,-15.109710693359375,35.36579132080078
Malawi,2041805024,2041805024002,MA8Y50281MW2,-15.10966968536377,35.365787506103516
Malawi,2050904017,2050902005003,MAPL48372MW2,-14.381275177001953,35.313350677490234
Malawi,2050904017,2050902005003,MAPL48372MW2,-14.381241798400879,35.31338119506836
Malawi,2050904017,2050902005003,MAPL48372MW2,-14.381300926208496,35.31336975097656
Malawi,2050904017,2101349269002,MA2K02005MW2,-15.399112701416016,35.0551872253418
Malawi,2050904017,2101349269002,MA2K02005MW2,-15.399170875549316,35.05519485473633
Malawi,2050904017,2101349269002,MA2K02005MW2,-15.399170875549316,35.05520248413086
Malawi,2050904017,2101349269002,MA2K02005MW2,-15.399181365966797,35.05521774291992
Malawi,2050904017,2101349269002,MA2K02005MW2,-15.399149894714355,35.055179595947266
Malawi,2041805024,2041805024002,MAN818155MW2,-15.109557151794434,35.36590576171875
Malawi,2041805024,2041805024002,MAN818155MW2,-15.109598159790039,35.36587905883789
Malawi,2041805024,2041805024002,MAN818155MW2,-15.109602928161621,35.36578369140625
Malawi,2041805024,2041805024002,MAN818155MW2,-15.109710693359375,35.36579132080078
Malawi,2041805024,2041805024002,MAN818155MW2,-15.10966968536377,35.365787506103516
Malawi,2050904017,2101349269002,MAX925046MW2,-15.399112701416016,35.0551872253418
Malawi,2050904017,2101349269002,MAX925046MW2,-15.399170875549316,35.05519485473633
Malawi,2050904017,2101349269002,MAX925046MW2,-15.399170875549316,35.05520248413086
Malawi,2050904017,2101349269002,MAX925046MW2,-15.399181365966797,35.05521774291992
Malawi,2050904017,2101349269002,MAX925046MW2,-15.399149894714355,35.055179595947266
Malawi,2060102007,2101338209002,MW3511386MW2,-15.344612121582031,35.14558410644531
Malawi,2060102007,2101338209002,MW3511386MW2,-15.344585418701172,35.1456413269043
Malawi,2060102007,2101338209002,MW3511386MW2,-15.344581604003906,35.145668029785156
Malawi,2060102007,2101338209002,MW3511386MW2,-15.344613075256348,35.145626068115234
Malawi,2060102007,2101338209002,MW3511386MW2,-15.344635963439941,35.145721435546875
Malawi,2050904017,2101349269002,MATU124010MW2,-15.399112701416016,35.0551872253418
Malawi,2050904017,2101349269002,MATU124010MW2,-15.399170875549316,35.05519485473633
Malawi,2050904017,2101349269002,MATU124010MW2,-15.399170875549316,35.05520248413086
Malawi,2050904017,2101349269002,MATU124010MW2,-15.399181365966797,35.05521774291992
Malawi,2050904017,2101349269002,MATU124010MW2,-15.399149894714355,35.055179595947266
Malawi,2041805024,2041805024002,MAJ849475MW2,-15.109557151794434,35.36590576171875
Malawi,2041805024,2041805024002,MAJ849475MW2,-15.109598159790039,35.36587905883789
Malawi,2041805024,2041805024002,MAJ849475MW2,-15.109602928161621,35.36578369140625
Malawi,2041805024,2041805024002,MAJ849475MW2,-15.109710693359375,35.36579132080078
Malawi,2041805024,2041805024002,MAJ849475MW2,-15.10966968536377,35.365787506103516
Malawi,2050904017,2050902005003,MAWB15087MW2,-14.381275177001953,35.313350677490234
Malawi,2050904017,2050902005003,MAWB15087MW2,-14.381241798400879,35.31338119506836
Malawi,2050904017,2050902005003,MAWB15087MW2,-14.381300926208496,35.31336975097656
Malawi,2010503012,2101349269002,BA6V23025MW2,-15.399112701416016,35.0551872253418
Malawi,2010503012,2101349269002,BA6V23025MW2,-15.399170875549316,35.05519485473633
Malawi,2010503012,2101349269002,BA6V23025MW2,-15.399170875549316,35.05520248413086
Malawi,2010503012,2101349269002,BA6V23025MW2,-15.399181365966797,35.05521774291992
Malawi,2010503012,2101349269002,BA6V23025MW2,-15.399149894714355,35.055179595947266
Malawi,2041805024,2041805024002,MA8X54062MW2,-15.109557151794434,35.36590576171875
Malawi,2041805024,2041805024002,MA8X54062MW2,-15.109598159790039,35.36587905883789
Malawi,2041805024,2041805024002,MA8X54062MW2,-15.109602928161621,35.36578369140625
Malawi,2041805024,2041805024002,MA8X54062MW2,-15.109710693359375,35.36579132080078
Malawi,2041805024,2041805024002,MA8X54062MW2,-15.10966968536377,35.365787506103516
Malawi,2050902006,2101349269002,MABY16418MW2,-15.399112701416016,35.0551872253418
Malawi,2050902006,2101349269002,MABY16418MW2,-15.399170875549316,35.05519485473633
Malawi,2050902006,2101349269002,MABY16418MW2,-15.399170875549316,35.05520248413086
Malawi,2050902006,2101349269002,MABY16418MW2,-15.399181365966797,35.05521774291992
Malawi,2050902006,2101349269002,MABY16418MW2,-15.399149894714355,35.055179595947266
Malawi,2041805024,2041805024002,MANU44168MW2,-15.109557151794434,35.36590576171875
Malawi,2041805024,2041805024002,MANU44168MW2,-15.109598159790039,35.36587905883789
Malawi,2041805024,2041805024002,MANU44168MW2,-15.109602928161621,35.36578369140625
Malawi,2041805024,2041805024002,MANU44168MW2,-15.109710693359375,35.36579132080078
Malawi,2041805024,2041805024002,MANU44168MW2,-15.10966968536377,35.365787506103516
Malawi,2010503012,2101349269002,BA0I32224MW2,-15.399112701416016,35.0551872253418
Malawi,2010503012,2101349269002,BA0I32224MW2,-15.399170875549316,35.05519485473633
Malawi,2010503012,2101349269002,BA0I32224MW2,-15.399170875549316,35.05520248413086
Malawi,2010503012,2101349269002,BA0I32224MW2,-15.399181365966797,35.05521774291992
Malawi,2010503012,2101349269002,BA0I32224MW2,-15.399149894714355,35.055179595947266
Malawi,2020207054,2020207054001,BLTO52192MW2,-15.802375793457031,35.034732818603516
Malawi,2010503012,2101349269002,BA9X16029MW2,-15.399112701416016,35.0551872253418
Malawi,2010503012,2101349269002,BA9X16029MW2,-15.399170875549316,35.05519485473633
Malawi,2010503012,2101349269002,BA9X16029MW2,-15.399170875549316,35.05520248413086
Malawi,2010503012,2101349269002,BA9X16029MW2,-15.399181365966797,35.05521774291992
Malawi,2010503012,2101349269002,BA9X16029MW2,-15.399149894714355,35.055179595947266
Malawi,2011515073,2011515073004,BAVR16381MW2,-15.042661666870117,35.17641830444336
Malawi,2060102007,2101338209002,MWDZ45217MW2,-15.344612121582031,35.14558410644531
Malawi,2060102007,2101338209002,MWDZ45217MW2,-15.344585418701172,35.1456413269043
Malawi,2060102007,2101338209002,MWDZ45217MW2,-15.344581604003906,35.145668029785156
Malawi,2060102007,2101338209002,MWDZ45217MW2,-15.344613075256348,35.145626068115234
Malawi,2060102007,2101338209002,MWDZ45217MW2,-15.344635963439941,35.145721435546875
Malawi,2041805024,2041805024002,MAXV31532MW2,-15.109557151794434,35.36590576171875
Malawi,2041805024,2041805024002,MAXV31532MW2,-15.109598159790039,35.36587905883789
Malawi,2041805024,2041805024002,MAXV31532MW2,-15.109602928161621,35.36578369140625
Malawi,2041805024,2041805024002,MAXV31532MW2,-15.109710693359375,35.36579132080078
Malawi,2041805024,2041805024002,MAXV31532MW2,-15.10966968536377,35.365787506103516
Malawi,2011515073,2011515073004,BA2K18143MW2,-15.042661666870117,35.17641830444336
Malawi,2060102007,2101338209002,MWE554069MW2,-15.344612121582031,35.14558410644531
Malawi,2060102007,2101338209002,MWE554069MW2,-15.344585418701172,35.1456413269043
Malawi,2060102007,2101338209002,MWE554069MW2,-15.344581604003906,35.145668029785156
Malawi,2060102007,2101338209002,MWE554069MW2,-15.344613075256348,35.145626068115234
Malawi,2060102007,2101338209002,MWE554069MW2,-15.344635963439941,35.145721435546875
Malawi,2060102007,2101338209002,MWX625285MW2,-15.344612121582031,35.14558410644531
Malawi,2060102007,2101338209002,MWX625285MW2,-15.344585418701172,35.1456413269043
Malawi,2060102007,2101338209002,MWX625285MW2,-15.344581604003906,35.145668029785156
Malawi,2060102007,2101338209002,MWX625285MW2,-15.344613075256348,35.145626068115234
Malawi,2060102007,2101338209002,MWX625285MW2,-15.344635963439941,35.145721435546875
Malawi,2070408030,2070408030001,NEUE15274MW2,-15.594499588012695,34.6987190246582
Malawi,2070408030,2070408030001,NEUE15274MW2,-15.594409942626953,34.6988639831543
Malawi,2070408030,2070408030001,NEUE15274MW2,-15.594507217407227,34.698760986328125
Malawi,2070408030,2070408030001,NEUE15274MW2,-15.594482421875,34.69866180419922
Malawi,2070408030,2070408030001,NEUE15274MW2,-15.594464302062988,34.698692321777344
Malawi,2070408030,2070408030001,NEZ458339MW2,-15.594499588012695,34.6987190246582
Malawi,2070408030,2070408030001,NEZ458339MW2,-15.594409942626953,34.6988639831543
Malawi,2070408030,2070408030001,NEZ458339MW2,-15.594507217407227,34.698760986328125
Malawi,2070408030,2070408030001,NEZ458339MW2,-15.594482421875,34.69866180419922
Malawi,2070408030,2070408030001,NEZ458339MW2,-15.594464302062988,34.698692321777344
Malawi,2041805024,2041805024002,MAIM33166MW2,-15.109557151794434,35.36590576171875
Malawi,2041805024,2041805024002,MAIM33166MW2,-15.109598159790039,35.36587905883789
Malawi,2041805024,2041805024002,MAIM33166MW2,-15.109602928161621,35.36578369140625
Malawi,2041805024,2041805024002,MAIM33166MW2,-15.109710693359375,35.36579132080078
Malawi,2041805024,2041805024002,MAIM33166MW2,-15.10966968536377,35.365787506103516
Malawi,2011515073,2011515073004,BA7C41359MW2,-15.042661666870117,35.17641830444336
Malawi,2050904017,2050902005003,MAIX13091MW2,-14.381275177001953,35.313350677490234
Malawi,2050904017,2050902005003,MAIX13091MW2,-14.381241798400879,35.31338119506836
Malawi,2050904017,2050902005003,MAIX13091MW2,-14.381300926208496,35.31336975097656
Malawi,2050904017,2050902005003,MAOT54582MW2,-14.381275177001953,35.313350677490234
Malawi,2050904017,2050902005003,MAOT54582MW2,-14.381241798400879,35.31338119506836
Malawi,2050904017,2050902005003,MAOT54582MW2,-14.381300926208496,35.31336975097656
Malawi,2050904017,2050902005003,MAIU32312MW2,-14.381275177001953,35.313350677490234
Malawi,2050904017,2050902005003,MAIU32312MW2,-14.381241798400879,35.31338119506836
Malawi,2050904017,2050902005003,MAIU32312MW2,-14.381300926208496,35.31336975097656
Malawi,2050902006,2101349269002,MATX33427MW2,-15.399112701416016,35.0551872253418
Malawi,2050902006,2101349269002,MATX33427MW2,-15.399170875549316,35.05519485473633
Malawi,2050902006,2101349269002,MATX33427MW2,-15.399170875549316,35.05520248413086
Malawi,2050902006,2101349269002,MATX33427MW2,-15.399181365966797,35.05521774291992
Malawi,2050902006,2101349269002,MATX33427MW2,-15.399149894714355,35.055179595947266
Malawi,2010503012,2101349269002,BAFZ18483MW2,-15.399112701416016,35.0551872253418
Malawi,2010503012,2101349269002,BAFZ18483MW2,-15.399170875549316,35.05519485473633
Malawi,2010503012,2101349269002,BAFZ18483MW2,-15.399170875549316,35.05520248413086
Malawi,2010503012,2101349269002,BAFZ18483MW2,-15.399181365966797,35.05521774291992
Malawi,2010503012,2101349269002,BAFZ18483MW2,-15.399149894714355,35.055179595947266
Malawi,2041805024,2041805024002,MANR42526MW2,-15.109557151794434,35.36590576171875
Malawi,2041805024,2041805024002,MANR42526MW2,-15.109598159790039,35.36587905883789
Malawi,2041805024,2041805024002,MANR42526MW2,-15.109602928161621,35.36578369140625
Malawi,2041805024,2041805024002,MANR42526MW2,-15.109710693359375,35.36579132080078
Malawi,2041805024,2041805024002,MANR42526MW2,-15.10966968536377,35.365787506103516
Malawi,2011515073,2011515073004,BAH406541MW2,-15.042661666870117,35.17641830444336
Malawi,2041805024,2041805024002,MACH53089MW2,-15.109557151794434,35.36590576171875
Malawi,2041805024,2041805024002,MACH53089MW2,-15.109598159790039,35.36587905883789
Malawi,2041805024,2041805024002,MACH53089MW2,-15.109602928161621,35.36578369140625
Malawi,2041805024,2041805024002,MACH53089MW2,-15.109710693359375,35.36579132080078
Malawi,2041805024,2041805024002,MACH53089MW2,-15.10966968536377,35.365787506103516
Malawi,2041805024,2041805024002,MAX958114MW2,-15.109557151794434,35.36590576171875
Malawi,2041805024,2041805024002,MAX958114MW2,-15.109598159790039,35.36587905883789
Malawi,2041805024,2041805024002,MAX958114MW2,-15.109602928161621,35.36578369140625
Malawi,2041805024,2041805024002,MAX958114MW2,-15.109710693359375,35.36579132080078
Malawi,2041805024,2041805024002,MAX958114MW2,-15.10966968536377,35.365787506103516
Malawi,2010503012,2101349269002,BAE907188MW2,-15.399112701416016,35.0551872253418
Malawi,2010503012,2101349269002,BAE907188MW2,-15.399170875549316,35.05519485473633
Malawi,2010503012,2101349269002,BAE907188MW2,-15.399170875549316,35.05520248413086
Malawi,2010503012,2101349269002,BAE907188MW2,-15.399181365966797,35.05521774291992
Malawi,2010503012,2101349269002,BAE907188MW2,-15.399149894714355,35.055179595947266
Malawi,2050902006,2101349269002,MAML39132MW2,-15.399112701416016,35.0551872253418
Malawi,2050902006,2101349269002,MAML39132MW2,-15.399170875549316,35.05519485473633
Malawi,2050902006,2101349269002,MAML39132MW2,-15.399170875549316,35.05520248413086
Malawi,2050902006,2101349269002,MAML39132MW2,-15.399181365966797,35.05521774291992
Malawi,2050902006,2101349269002,MAML39132MW2,-15.399149894714355,35.055179595947266
Malawi,2050904017,2050902005003,MABT22323MW2,-14.381275177001953,35.313350677490234
Malawi,2050904017,2050902005003,MABT22323MW2,-14.381241798400879,35.31338119506836
Malawi,2050904017,2050902005003,MABT22323MW2,-14.381300926208496,35.31336975097656
Malawi,2050904017,2050902005003,MAUQ34146MW2,-14.381275177001953,35.313350677490234
Malawi,2050904017,2050902005003,MAUQ34146MW2,-14.381241798400879,35.31338119506836
Malawi,2050904017,2050902005003,MAUQ34146MW2,-14.381300926208496,35.31336975097656
Malawi,2060102007,2101338209002,MW6031423MW2,-15.344612121582031,35.14558410644531
Malawi,2060102007,2101338209002,MW6031423MW2,-15.344585418701172,35.1456413269043
Malawi,2060102007,2101338209002,MW6031423MW2,-15.344581604003906,35.145668029785156
Malawi,2060102007,2101338209002,MW6031423MW2,-15.344613075256348,35.145626068115234
Malawi,2060102007,2101338209002,MW6031423MW2,-15.344635963439941,35.145721435546875
Malawi,2041805024,2041805024002,MAX902094MW2,-15.109557151794434,35.36590576171875
Malawi,2041805024,2041805024002,MAX902094MW2,-15.109598159790039,35.36587905883789
Malawi,2041805024,2041805024002,MAX902094MW2,-15.109602928161621,35.36578369140625
Malawi,2041805024,2041805024002,MAX902094MW2,-15.109710693359375,35.36579132080078
Malawi,2041805024,2041805024002,MAX902094MW2,-15.10966968536377,35.365787506103516
Malawi,2010503012,2101349269002,BAKR48583MW2,-15.399112701416016,35.0551872253418
Malawi,2010503012,2101349269002,BAKR48583MW2,-15.399170875549316,35.05519485473633
Malawi,2010503012,2101349269002,BAKR48583MW2,-15.399170875549316,35.05520248413086
Malawi,2010503012,2101349269002,BAKR48583MW2,-15.399181365966797,35.05521774291992
Malawi,2010503012,2101349269002,BAKR48583MW2,-15.399149894714355,35.055179595947266
Malawi,2041805024,2041805024002,MA5G53067MW2,-15.109557151794434,35.36590576171875
Malawi,2041805024,2041805024002,MA5G53067MW2,-15.109598159790039,35.36587905883789
Malawi,2041805024,2041805024002,MA5G53067MW2,-15.109602928161621,35.36578369140625
Malawi,2041805024,2041805024002,MA5G53067MW2,-15.109710693359375,35.36579132080078
Malawi,2041805024,2041805024002,MA5G53067MW2,-15.10966968536377,35.365787506103516
Malawi,2010503012,2101349269002,BA1339519MW2,-15.399112701416016,35.0551872253418
Malawi,2010503012,2101349269002,BA1339519MW2,-15.399170875549316,35.05519485473633
Malawi,2010503012,2101349269002,BA1339519MW2,-15.399170875549316,35.05520248413086
Malawi,2010503012,2101349269002,BA1339519MW2,-15.399181365966797,35.05521774291992
Malawi,2010503012,2101349269002,BA1339519MW2,-15.399149894714355,35.055179595947266
Malawi,2050902006,2101349269002,MALG47005MW2,-15.399112701416016,35.0551872253418
Malawi,2050902006,2101349269002,MALG47005MW2,-15.399170875549316,35.05519485473633
Malawi,2050902006,2101349269002,MALG47005MW2,-15.399170875549316,35.05520248413086
Malawi,2050902006,2101349269002,MALG47005MW2,-15.399181365966797,35.05521774291992
Malawi,2050902006,2101349269002,MALG47005MW2,-15.399149894714355,35.055179595947266
Malawi,2050902006,2101349269002,MAHJ37529MW2,-15.399112701416016,35.0551872253418
Malawi,2050902006,2101349269002,MAHJ37529MW2,-15.399170875549316,35.05519485473633
Malawi,2050902006,2101349269002,MAHJ37529MW2,-15.399170875549316,35.05520248413086
Malawi,2050902006,2101349269002,MAHJ37529MW2,-15.399181365966797,35.05521774291992
Malawi,2050902006,2101349269002,MAHJ37529MW2,-15.399149894714355,35.055179595947266
Malawi,2020207054,2020207054001,BL6H41502MW2,-15.802375793457031,35.034732818603516
Malawi,2060102007,2101338209002,MW8E37205MW2,-15.344612121582031,35.14558410644531
Malawi,2060102007,2101338209002,MW8E37205MW2,-15.344585418701172,35.1456413269043
Malawi,2060102007,2101338209002,MW8E37205MW2,-15.344581604003906,35.145668029785156
Malawi,2060102007,2101338209002,MW8E37205MW2,-15.344613075256348,35.145626068115234
Malawi,2060102007,2101338209002,MW8E37205MW2,-15.344635963439941,35.145721435546875
Malawi,2060102007,2101338209002,MWEY505810MW2,-15.344612121582031,35.14558410644531
Malawi,2060102007,2101338209002,MWEY505810MW2,-15.344585418701172,35.1456413269043
Malawi,2060102007,2101338209002,MWEY505810MW2,-15.344581604003906,35.145668029785156
Malawi,2060102007,2101338209002,MWEY505810MW2,-15.344613075256348,35.145626068115234
Malawi,2060102007,2101338209002,MWEY505810MW2,-15.344635963439941,35.145721435546875
Malawi,2060102007,2101338209002,MWCU47146MW2,-15.344612121582031,35.14558410644531
Malawi,2060102007,2101338209002,MWCU47146MW2,-15.344585418701172,35.1456413269043
Malawi,2060102007,2101338209002,MWCU47146MW2,-15.344581604003906,35.145668029785156
Malawi,2060102007,2101338209002,MWCU47146MW2,-15.344613075256348,35.145626068115234
Malawi,2060102007,2101338209002,MWCU47146MW2,-15.344635963439941,35.145721435546875
Malawi,2050902006,2101349269002,MA5715476MW2,-15.399112701416016,35.0551872253418
Malawi,2050902006,2101349269002,MA5715476MW2,-15.399170875549316,35.05519485473633
Malawi,2050902006,2101349269002,MA5715476MW2,-15.399170875549316,35.05520248413086
Malawi,2050902006,2101349269002,MA5715476MW2,-15.399181365966797,35.05521774291992
Malawi,2050902006,2101349269002,MA5715476MW2,-15.399149894714355,35.055179595947266
Malawi,2060102007,2101338209002,MWX928329MW2,-15.344612121582031,35.14558410644531
Malawi,2060102007,2101338209002,MWX928329MW2,-15.344585418701172,35.1456413269043
Malawi,2060102007,2101338209002,MWX928329MW2,-15.344581604003906,35.145668029785156
Malawi,2060102007,2101338209002,MWX928329MW2,-15.344613075256348,35.145626068115234
Malawi,2060102007,2101338209002,MWX928329MW2,-15.344635963439941,35.145721435546875
Malawi,2010503012,2101349269002,BAJ208006MW2,-15.399112701416016,35.0551872253418
Malawi,2010503012,2101349269002,BAJ208006MW2,-15.399170875549316,35.05519485473633
Malawi,2010503012,2101349269002,BAJ208006MW2,-15.399170875549316,35.05520248413086
Malawi,2010503012,2101349269002,BAJ208006MW2,-15.399181365966797,35.05521774291992
Malawi,2010503012,2101349269002,BAJ208006MW2,-15.399149894714355,35.055179595947266
Malawi,2050902006,2101349269002,MAMS45006MW2,-15.399112701416016,35.0551872253418
Malawi,2050902006,2101349269002,MAMS45006MW2,-15.399170875549316,35.05519485473633
Malawi,2050902006,2101349269002,MAMS45006MW2,-15.399170875549316,35.05520248413086
Malawi,2050902006,2101349269002,MAMS45006MW2,-15.399181365966797,35.05521774291992
Malawi,2050902006,2101349269002,MAMS45006MW2,-15.399149894714355,35.055179595947266
Malawi,2041805024,2041805024002,MAS900083MW2,-15.109557151794434,35.36590576171875
Malawi,2041805024,2041805024002,MAS900083MW2,-15.109598159790039,35.36587905883789
Malawi,2041805024,2041805024002,MAS900083MW2,-15.109602928161621,35.36578369140625
Malawi,2041805024,2041805024002,MAS900083MW2,-15.109710693359375,35.36579132080078
Malawi,2041805024,2041805024002,MAS900083MW2,-15.10966968536377,35.365787506103516
Malawi,2060102007,2101338209002,MWGC05233MW2,-15.344612121582031,35.14558410644531
Malawi,2060102007,2101338209002,MWGC05233MW2,-15.344585418701172,35.1456413269043
Malawi,2060102007,2101338209002,MWGC05233MW2,-15.344581604003906,35.145668029785156
Malawi,2060102007,2101338209002,MWGC05233MW2,-15.344613075256348,35.145626068115234
Malawi,2060102007,2101338209002,MWGC05233MW2,-15.344635963439941,35.145721435546875
Malawi,2050904017,2101349269002,MABU34095MW2,-15.399112701416016,35.0551872253418
Malawi,2050904017,2101349269002,MABU34095MW2,-15.399170875549316,35.05519485473633
Malawi,2050904017,2101349269002,MABU34095MW2,-15.399170875549316,35.05520248413086
Malawi,2050904017,2101349269002,MABU34095MW2,-15.399181365966797,35.05521774291992
Malawi,2050904017,2101349269002,MABU34095MW2,-15.399149894714355,35.055179595947266
Malawi,2010503012,2101349269002,BAWN162410MW2,-15.399112701416016,35.0551872253418
Malawi,2010503012,2101349269002,BAWN162410MW2,-15.399170875549316,35.05519485473633
Malawi,2010503012,2101349269002,BAWN162410MW2,-15.399170875549316,35.05520248413086
Malawi,2010503012,2101349269002,BAWN162410MW2,-15.399181365966797,35.05521774291992
Malawi,2010503012,2101349269002,BAWN162410MW2,-15.399149894714355,35.055179595947266
Malawi,2050902006,2101349269002,MAHJ51058MW2,-15.399112701416016,35.0551872253418
Malawi,2050902006,2101349269002,MAHJ51058MW2,-15.399170875549316,35.05519485473633
Malawi,2050902006,2101349269002,MAHJ51058MW2,-15.399170875549316,35.05520248413086
Malawi,2050902006,2101349269002,MAHJ51058MW2,-15.399181365966797,35.05521774291992
Malawi,2050902006,2101349269002,MAHJ51058MW2,-15.399149894714355,35.055179595947266
Malawi,2050904017,2101349269002,MAB253544MW2,-15.399112701416016,35.0551872253418
Malawi,2050904017,2101349269002,MAB253544MW2,-15.399170875549316,35.05519485473633
Malawi,2050904017,2101349269002,MAB253544MW2,-15.399170875549316,35.05520248413086
Malawi,2050904017,2101349269002,MAB253544MW2,-15.399181365966797,35.05521774291992
Malawi,2050904017,2101349269002,MAB253544MW2,-15.399149894714355,35.055179595947266
Malawi,2060102007,2101338209002,MWHF17127MW2,-15.344612121582031,35.14558410644531
Malawi,2060102007,2101338209002,MWHF17127MW2,-15.344585418701172,35.1456413269043
Malawi,2060102007,2101338209002,MWHF17127MW2,-15.344581604003906,35.145668029785156
Malawi,2060102007,2101338209002,MWHF17127MW2,-15.344613075256348,35.145626068115234
Malawi,2060102007,2101338209002,MWHF17127MW2,-15.344635963439941,35.145721435546875
Malawi,2050904017,2101349269002,MAVZ14123MW2,-15.399112701416016,35.0551872253418
Malawi,2050904017,2101349269002,MAVZ14123MW2,-15.399170875549316,35.05519485473633
Malawi,2050904017,2101349269002,MAVZ14123MW2,-15.399170875549316,35.05520248413086
Malawi,2050904017,2101349269002,MAVZ14123MW2,-15.399181365966797,35.05521774291992
Malawi,2050904017,2101349269002,MAVZ14123MW2,-15.399149894714355,35.055179595947266
Malawi,2011515073,2011515073004,BASL53109MW2,-15.042661666870117,35.17641830444336
Malawi,2050902006,2101349269002,MA8812085MW2,-15.399112701416016,35.0551872253418
Malawi,2050902006,2101349269002,MA8812085MW2,-15.399170875549316,35.05519485473633
Malawi,2050902006,2101349269002,MA8812085MW2,-15.399170875549316,35.05520248413086
Malawi,2050902006,2101349269002,MA8812085MW2,-15.399181365966797,35.05521774291992
Malawi,2050902006,2101349269002,MA8812085MW2,-15.399149894714355,35.055179595947266
Malawi,2050904017,2050902005003,MA1H22345MW2,-14.381275177001953,35.313350677490234
Malawi,2050904017,2050902005003,MA1H22345MW2,-14.381241798400879,35.31338119506836
Malawi,2050904017,2050902005003,MA1H22345MW2,-14.381300926208496,35.31336975097656
Malawi,2060102007,2101338209002,MWZD21534MW2,-15.344612121582031,35.14558410644531
Malawi,2060102007,2101338209002,MWZD21534MW2,-15.344585418701172,35.1456413269043
Malawi,2060102007,2101338209002,MWZD21534MW2,-15.344581604003906,35.145668029785156
Malawi,2060102007,2101338209002,MWZD21534MW2,-15.344613075256348,35.145626068115234
Malawi,2060102007,2101338209002,MWZD21534MW2,-15.344635963439941,35.145721435546875
Malawi,2010503012,2101349269002,BAWH54035MW2,-15.399112701416016,35.0551872253418
Malawi,2010503012,2101349269002,BAWH54035MW2,-15.399170875549316,35.05519485473633
Malawi,2010503012,2101349269002,BAWH54035MW2,-15.399170875549316,35.05520248413086
Malawi,2010503012,2101349269002,BAWH54035MW2,-15.399181365966797,35.05521774291992
Malawi,2010503012,2101349269002,BAWH54035MW2,-15.399149894714355,35.055179595947266
Malawi,2010503012,2101349269002,BA5H36159MW2,-15.399112701416016,35.0551872253418
Malawi,2010503012,2101349269002,BA5H36159MW2,-15.399170875549316,35.05519485473633
Malawi,2010503012,2101349269002,BA5H36159MW2,-15.399170875549316,35.05520248413086
Malawi,2010503012,2101349269002,BA5H36159MW2,-15.399181365966797,35.05521774291992
Malawi,2010503012,2101349269002,BA5H36159MW2,-15.399149894714355,35.055179595947266
Malawi,2050902006,2101349269002,MAE810011MW2,-15.399112701416016,35.0551872253418
Malawi,2050902006,2101349269002,MAE810011MW2,-15.399170875549316,35.05519485473633
Malawi,2050902006,2101349269002,MAE810011MW2,-15.399170875549316,35.05520248413086
Malawi,2050902006,2101349269002,MAE810011MW2,-15.399181365966797,35.05521774291992
Malawi,2050902006,2101349269002,MAE810011MW2,-15.399149894714355,35.055179595947266
Malawi,2050904017,2101349269002,MAS317551MW2,-15.399112701416016,35.0551872253418
Malawi,2050904017,2101349269002,MAS317551MW2,-15.399170875549316,35.05519485473633
Malawi,2050904017,2101349269002,MAS317551MW2,-15.399170875549316,35.05520248413086
Malawi,2050904017,2101349269002,MAS317551MW2,-15.399181365966797,35.05521774291992
Malawi,2050904017,2101349269002,MAS317551MW2,-15.399149894714355,35.055179595947266
Malawi,2010503012,2101349269002,BAA247251MW2,-15.399112701416016,35.0551872253418
Malawi,2010503012,2101349269002,BAA247251MW2,-15.399170875549316,35.05519485473633
Malawi,2010503012,2101349269002,BAA247251MW2,-15.399170875549316,35.05520248413086
Malawi,2010503012,2101349269002,BAA247251MW2,-15.399181365966797,35.05521774291992
Malawi,2010503012,2101349269002,BAA247251MW2,-15.399149894714355,35.055179595947266
Malawi,2050902006,2101349269002,MAXO27442MW2,-15.399112701416016,35.0551872253418
Malawi,2050902006,2101349269002,MAXO27442MW2,-15.399170875549316,35.05519485473633
Malawi,2050902006,2101349269002,MAXO27442MW2,-15.399170875549316,35.05520248413086
Malawi,2050902006,2101349269002,MAXO27442MW2,-15.399181365966797,35.05521774291992
Malawi,2050902006,2101349269002,MAXO27442MW2,-15.399149894714355,35.055179595947266
Malawi,2050904017,2101349269002,MALL55093MW2,-15.399112701416016,35.0551872253418
Malawi,2050904017,2101349269002,MALL55093MW2,-15.399170875549316,35.05519485473633
Malawi,2050904017,2101349269002,MALL55093MW2,-15.399170875549316,35.05520248413086
Malawi,2050904017,2101349269002,MALL55093MW2,-15.399181365966797,35.05521774291992
Malawi,2050904017,2101349269002,MALL55093MW2,-15.399149894714355,35.055179595947266
Malawi,2010503012,2101349269002,BA1E27284MW2,-15.399112701416016,35.0551872253418
Malawi,2010503012,2101349269002,BA1E27284MW2,-15.399170875549316,35.05519485473633
Malawi,2010503012,2101349269002,BA1E27284MW2,-15.399170875549316,35.05520248413086
Malawi,2010503012,2101349269002,BA1E27284MW2,-15.399181365966797,35.05521774291992
Malawi,2010503012,2101349269002,BA1E27284MW2,-15.399149894714355,35.055179595947266
Malawi,2041805024,2041805024002,MAKZ03297MW2,-15.109557151794434,35.36590576171875
Malawi,2041805024,2041805024002,MAKZ03297MW2,-15.109598159790039,35.36587905883789
Malawi,2041805024,2041805024002,MAKZ03297MW2,-15.109602928161621,35.36578369140625
Malawi,2041805024,2041805024002,MAKZ03297MW2,-15.109710693359375,35.36579132080078
Malawi,2041805024,2041805024002,MAKZ03297MW2,-15.10966968536377,35.365787506103516
Malawi,2011515073,2011515073004,BALV56049MW2,-15.042661666870117,35.17641830444336
Malawi,2041805024,2041805024002,MA4Z02056MW2,-15.109557151794434,35.36590576171875
Malawi,2041805024,2041805024002,MA4Z02056MW2,-15.109598159790039,35.36587905883789
Malawi,2041805024,2041805024002,MA4Z02056MW2,-15.109602928161621,35.36578369140625
Malawi,2041805024,2041805024002,MA4Z02056MW2,-15.109710693359375,35.36579132080078
Malawi,2041805024,2041805024002,MA4Z02056MW2,-15.10966968536377,35.365787506103516
Malawi,2011515073,2011515073004,BA3E50275MW2,-15.042661666870117,35.17641830444336
Malawi,2011515073,2011515073004,BAK947061MW2,-15.042661666870117,35.17641830444336
Malawi,2050904017,2050902005003,MAK938045MW2,-14.381275177001953,35.313350677490234
Malawi,2050904017,2050902005003,MAK938045MW2,-14.381241798400879,35.31338119506836
Malawi,2050904017,2050902005003,MAK938045MW2,-14.381300926208496,35.31336975097656
Malawi,2041805024,2041805024002,MAAL06438MW2,-15.109557151794434,35.36590576171875
Malawi,2041805024,2041805024002,MAAL06438MW2,-15.109598159790039,35.36587905883789
Malawi,2041805024,2041805024002,MAAL06438MW2,-15.109602928161621,35.36578369140625
Malawi,2041805024,2041805024002,MAAL06438MW2,-15.109710693359375,35.36579132080078
Malawi,2041805024,2041805024002,MAAL06438MW2,-15.10966968536377,35.365787506103516
Malawi,2011515073,2011515073004,BA2L00331MW2,-15.042661666870117,35.17641830444336
Malawi,2050904017,2050902005003,MA1O55396MW2,-14.381275177001953,35.313350677490234
Malawi,2050904017,2050902005003,MA1O55396MW2,-14.381241798400879,35.31338119506836
Malawi,2050904017,2050902005003,MA1O55396MW2,-14.381300926208496,35.31336975097656
Malawi,2050902006,2101349269002,MAKP03332MW2,-15.399112701416016,35.0551872253418
Malawi,2050902006,2101349269002,MAKP03332MW2,-15.399170875549316,35.05519485473633
Malawi,2050902006,2101349269002,MAKP03332MW2,-15.399170875549316,35.05520248413086
Malawi,2050902006,2101349269002,MAKP03332MW2,-15.399181365966797,35.05521774291992
Malawi,2050902006,2101349269002,MAKP03332MW2,-15.399149894714355,35.055179595947266
Malawi,2070301001,2070301001001,NEKH59594MW2,-15.382153511047363,34.571533203125
Malawi,2041805024,2041805024002,MAQ355523MW2,-15.109557151794434,35.36590576171875
Malawi,2041805024,2041805024002,MAQ355523MW2,-15.109598159790039,35.36587905883789
Malawi,2041805024,2041805024002,MAQ355523MW2,-15.109602928161621,35.36578369140625
Malawi,2041805024,2041805024002,MAQ355523MW2,-15.109710693359375,35.36579132080078
Malawi,2041805024,2041805024002,MAQ355523MW2,-15.10966968536377,35.365787506103516
Malawi,2041805024,2041805024002,MANG29112MW2,-15.109557151794434,35.36590576171875
Malawi,2041805024,2041805024002,MANG29112MW2,-15.109598159790039,35.36587905883789
Malawi,2041805024,2041805024002,MANG29112MW2,-15.109602928161621,35.36578369140625
Malawi,2041805024,2041805024002,MANG29112MW2,-15.109710693359375,35.36579132080078
Malawi,2041805024,2041805024002,MANG29112MW2,-15.10966968536377,35.365787506103516
Malawi,2050904017,2050902005003,MA6H00495MW2,-14.381275177001953,35.313350677490234
Malawi,2050904017,2050902005003,MA6H00495MW2,-14.381241798400879,35.31338119506836
Malawi,2050904017,2050902005003,MA6H00495MW2,-14.381300926208496,35.31336975097656
Malawi,2050904017,2101349269002,MACS53267MW2,-15.399112701416016,35.0551872253418
Malawi,2050904017,2101349269002,MACS53267MW2,-15.399170875549316,35.05519485473633
Malawi,2050904017,2101349269002,MACS53267MW2,-15.399170875549316,35.05520248413086
Malawi,2050904017,2101349269002,MACS53267MW2,-15.399181365966797,35.05521774291992
Malawi,2050904017,2101349269002,MACS53267MW2,-15.399149894714355,35.055179595947266
Malawi,2050902006,2101349269002,MA8Q01435MW2,-15.399112701416016,35.0551872253418
Malawi,2050902006,2101349269002,MA8Q01435MW2,-15.399170875549316,35.05519485473633
Malawi,2050902006,2101349269002,MA8Q01435MW2,-15.399170875549316,35.05520248413086
Malawi,2050902006,2101349269002,MA8Q01435MW2,-15.399181365966797,35.05521774291992
Malawi,2050902006,2101349269002,MA8Q01435MW2,-15.399149894714355,35.055179595947266
Malawi,2041805024,2041805024002,MAI417007MW2,-15.109557151794434,35.36590576171875
Malawi,2041805024,2041805024002,MAI417007MW2,-15.109598159790039,35.36587905883789
Malawi,2041805024,2041805024002,MAI417007MW2,-15.109602928161621,35.36578369140625
Malawi,2041805024,2041805024002,MAI417007MW2,-15.109710693359375,35.36579132080078
Malawi,2041805024,2041805024002,MAI417007MW2,-15.10966968536377,35.365787506103516
Malawi,2010503012,2101349269002,BAHR513910MW2,-15.399112701416016,35.0551872253418
Malawi,2010503012,2101349269002,BAHR513910MW2,-15.399170875549316,35.05519485473633
Malawi,2010503012,2101349269002,BAHR513910MW2,-15.399170875549316,35.05520248413086
Malawi,2010503012,2101349269002,BAHR513910MW2,-15.399181365966797,35.05521774291992
Malawi,2010503012,2101349269002,BAHR513910MW2,-15.399149894714355,35.055179595947266
Malawi,2041805024,2041805024002,MAZY46209MW2,-15.109557151794434,35.36590576171875
Malawi,2041805024,2041805024002,MAZY46209MW2,-15.109598159790039,35.36587905883789
Malawi,2041805024,2041805024002,MAZY46209MW2,-15.109602928161621,35.36578369140625
Malawi,2041805024,2041805024002,MAZY46209MW2,-15.109710693359375,35.36579132080078
Malawi,2041805024,2041805024002,MAZY46209MW2,-15.10966968536377,35.365787506103516
Malawi,2070408030,2070408030001,NER842494MW2,-15.594499588012695,34.6987190246582
Malawi,2070408030,2070408030001,NER842494MW2,-15.594409942626953,34.6988639831543
Malawi,2070408030,2070408030001,NER842494MW2,-15.594507217407227,34.698760986328125
Malawi,2070408030,2070408030001,NER842494MW2,-15.594482421875,34.69866180419922
Malawi,2070408030,2070408030001,NER842494MW2,-15.594464302062988,34.698692321777344
Malawi,2011515073,2011515073004,BA6D00369MW2,-15.042661666870117,35.17641830444336
Malawi,2011515073,2011515073004,BAZB23166MW2,-15.042661666870117,35.17641830444336
Malawi,2050904017,2101349269002,MA43062810MW2,-15.399112701416016,35.0551872253418
Malawi,2050904017,2101349269002,MA43062810MW2,-15.399170875549316,35.05519485473633
Malawi,2050904017,2101349269002,MA43062810MW2,-15.399170875549316,35.05520248413086
Malawi,2050904017,2101349269002,MA43062810MW2,-15.399181365966797,35.05521774291992
Malawi,2050904017,2101349269002,MA43062810MW2,-15.399149894714355,35.055179595947266
Malawi,2050902006,2101349269002,MAFS59551MW2,-15.399112701416016,35.0551872253418
Malawi,2050902006,2101349269002,MAFS59551MW2,-15.399170875549316,35.05519485473633
Malawi,2050902006,2101349269002,MAFS59551MW2,-15.399170875549316,35.05520248413086
Malawi,2050902006,2101349269002,MAFS59551MW2,-15.399181365966797,35.05521774291992
Malawi,2050902006,2101349269002,MAFS59551MW2,-15.399149894714355,35.055179595947266
Malawi,2050902006,2101349269002,MA5347476MW2,-15.399112701416016,35.0551872253418
Malawi,2050902006,2101349269002,MA5347476MW2,-15.399170875549316,35.05519485473633
Malawi,2050902006,2101349269002,MA5347476MW2,-15.399170875549316,35.05520248413086
Malawi,2050902006,2101349269002,MA5347476MW2,-15.399181365966797,35.05521774291992
Malawi,2050902006,2101349269002,MA5347476MW2,-15.399149894714355,35.055179595947266
Malawi,2050902006,2101349269002,MA6G19366MW2,-15.399112701416016,35.0551872253418
Malawi,2050902006,2101349269002,MA6G19366MW2,-15.399170875549316,35.05519485473633
Malawi,2050902006,2101349269002,MA6G19366MW2,-15.399170875549316,35.05520248413086
Malawi,2050902006,2101349269002,MA6G19366MW2,-15.399181365966797,35.05521774291992
Malawi,2050902006,2101349269002,MA6G19366MW2,-15.399149894714355,35.055179595947266
Malawi,2060102007,2101338209002,MWNP59269MW2,-15.344612121582031,35.14558410644531
Malawi,2060102007,2101338209002,MWNP59269MW2,-15.344585418701172,35.1456413269043
Malawi,2060102007,2101338209002,MWNP59269MW2,-15.344581604003906,35.145668029785156
Malawi,2060102007,2101338209002,MWNP59269MW2,-15.344613075256348,35.145626068115234
Malawi,2060102007,2101338209002,MWNP59269MW2,-15.344635963439941,35.145721435546875
Malawi,2041805024,2041805024002,MAID410410MW2,-15.109557151794434,35.36590576171875
Malawi,2041805024,2041805024002,MAID410410MW2,-15.109598159790039,35.36587905883789
Malawi,2041805024,2041805024002,MAID410410MW2,-15.109602928161621,35.36578369140625
Malawi,2041805024,2041805024002,MAID410410MW2,-15.109710693359375,35.36579132080078
Malawi,2041805024,2041805024002,MAID410410MW2,-15.10966968536377,35.365787506103516
Malawi,2050904017,2101349269002,MAL951135MW2,-15.399112701416016,35.0551872253418
Malawi,2050904017,2101349269002,MAL951135MW2,-15.399170875549316,35.05519485473633
Malawi,2050904017,2101349269002,MAL951135MW2,-15.399170875549316,35.05520248413086
Malawi,2050904017,2101349269002,MAL951135MW2,-15.399181365966797,35.05521774291992
Malawi,2050904017,2101349269002,MAL951135MW2,-15.399149894714355,35.055179595947266
Malawi,2050904017,2050902005003,MAVV25375MW2,-14.381275177001953,35.313350677490234
Malawi,2050904017,2050902005003,MAVV25375MW2,-14.381241798400879,35.31338119506836
Malawi,2050904017,2050902005003,MAVV25375MW2,-14.381300926208496,35.31336975097656
Malawi,2041805024,2041805024002,MA7236401MW2,-15.109557151794434,35.36590576171875
Malawi,2041805024,2041805024002,MA7236401MW2,-15.109598159790039,35.36587905883789
Malawi,2041805024,2041805024002,MA7236401MW2,-15.109602928161621,35.36578369140625
Malawi,2041805024,2041805024002,MA7236401MW2,-15.109710693359375,35.36579132080078
Malawi,2041805024,2041805024002,MA7236401MW2,-15.10966968536377,35.365787506103516
